seed,condition,source_session,attempt,status,test_accuracy,original_success,diagnostic_test_accuracy,diagnostic_success,retention_probe_r2
401,vanilla_noise0p3,original,1,ok,0.494140625,False,0.501953125,False,-0.0035179709523225355
401,additive_noise0p3,original,1,ok,1.0,True,1.0,True,0.9934138744422977
401,vanilla_noise1p0,original,1,ok,0.505859375,False,0.521484375,False,-0.007575510938840457
401,additive_noise1p0,original,1,ok,1.0,True,1.0,True,0.9792126069861982
409,vanilla_noise0p3,original,1,ok,0.517578125,False,0.484375,False,-0.00484558004941138
409,additive_noise0p3,original,1,ok,1.0,True,1.0,True,0.9171331942368695
409,vanilla_noise1p0,original,1,ok,0.482421875,False,0.490234375,False,-0.005443324704142105
409,additive_noise1p0,original,1,ok,1.0,True,1.0,True,0.9860732995924923
419,vanilla_noise0p3,original,1,ok,0.505859375,False,0.51171875,False,-0.0020074347140068838
419,additive_noise0p3,original,1,ok,1.0,True,1.0,True,0.9316073588114177
419,vanilla_noise1p0,original,1,ok,0.529296875,False,0.529296875,False,0.004722682213854523
419,additive_noise1p0,original,1,ok,1.0,True,1.0,True,0.9793199015445874
421,vanilla_noise0p3,original,1,ok,0.73046875,False,0.73046875,False,0.3012640690576116
421,additive_noise0p3,original,1,ok,1.0,True,1.0,True,0.9554676732103682
421,vanilla_noise1p0,original,1,ok,0.5703125,False,0.552734375,False,0.006781464612743204
421,additive_noise1p0,original,1,ok,1.0,True,1.0,True,0.921649701330599
431,vanilla_noise0p3,original,1,ok,0.505859375,False,0.482421875,False,-0.0007905733045414642
431,additive_noise0p3,original,1,ok,1.0,True,1.0,True,0.9689508232495794
431,vanilla_noise1p0,original,1,ok,0.533203125,False,0.498046875,False,-0.013433546537358065
431,additive_noise1p0,original,1,ok,1.0,True,1.0,True,0.9139575159545347
433,vanilla_noise0p3,original,1,ok,0.54296875,False,0.5390625,False,-0.00310516357421875
433,additive_noise0p3,original,1,ok,1.0,True,1.0,True,0.9698046669363976
433,vanilla_noise1p0,original,1,ok,0.45703125,False,0.5,False,-0.0016075372695922852
433,additive_noise1p0,original,1,ok,1.0,True,1.0,True,0.9074133634567261
439,vanilla_noise0p3,original,1,ok,0.505859375,False,0.498046875,False,-0.009932013667738326
439,additive_noise0p3,original,1,ok,1.0,True,1.0,True,0.838398570230005
439,vanilla_noise1p0,completion,2,ok,0.505859375,False,0.509765625,False,-0.0022579576102028653
439,additive_noise1p0,completion,1,ok,1.0,True,1.0,True,0.9446880849345849
443,vanilla_noise0p3,completion,1,ok,0.482421875,False,0.494140625,False,-0.0034120053737176637
443,additive_noise0p3,completion,1,ok,1.0,True,1.0,True,0.9818706391320091
443,vanilla_noise1p0,completion,1,ok,0.515625,False,0.48828125,False,-0.010410385243649234
443,additive_noise1p0,completion,1,ok,1.0,True,1.0,True,0.9987207550389858
449,vanilla_noise0p3,completion,1,ok,0.494140625,False,0.470703125,False,-0.01889846313821253
449,additive_noise0p3,completion,1,ok,1.0,True,1.0,True,0.8688428341791956
449,vanilla_noise1p0,completion,1,ok,0.44921875,False,0.453125,False,-0.018360179920628772
449,additive_noise1p0,completion,1,ok,1.0,True,1.0,True,0.9855435099845932
457,vanilla_noise0p3,completion,1,ok,1.0,True,1.0,True,0.9954021820542132
457,additive_noise0p3,completion,1,ok,1.0,True,1.0,True,0.9797701826096892
457,vanilla_noise1p0,completion,1,ok,0.490234375,False,0.509765625,False,-0.0007384481521623965
457,additive_noise1p0,completion,1,ok,1.0,True,1.0,True,0.9259609277208094
