delay,seed,model_type,regime,status,success,test_accuracy,retention_probe_r2
64,101,vanilla_tanh_rnn,full,ok,False,0.521484375,-0.007554356809063689
64,101,vanilla_tanh_rnn,readout_only,ok,False,0.529296875,0.0022397062027618153
64,101,additive_tanh_rnn,full,ok,True,1.0,0.9860176070032287
64,101,additive_tanh_rnn,readout_only,ok,False,0.87109375,0.5500360508294391
64,101,bounded_additive_tanh_rnn,full,ok,True,1.0,0.9985170958930639
64,101,bounded_additive_tanh_rnn,readout_only,ok,False,0.837890625,0.485655737704918
64,113,vanilla_tanh_rnn,full,ok,True,1.0,0.9915723719028949
64,113,vanilla_tanh_rnn,readout_only,ok,False,0.51171875,-0.023636323252934632
64,113,additive_tanh_rnn,full,ok,True,1.0,0.9700194872163216
64,113,additive_tanh_rnn,readout_only,ok,False,0.853515625,0.548218728744421
64,113,bounded_additive_tanh_rnn,full,ok,True,1.0,0.9984205963851246
64,113,bounded_additive_tanh_rnn,readout_only,ok,False,0.72265625,0.18566431804460137
64,127,vanilla_tanh_rnn,full,ok,False,0.490234375,-0.01461301813471505
64,127,vanilla_tanh_rnn,readout_only,ok,False,0.52734375,-0.013431856712892376
64,127,additive_tanh_rnn,full,ok,True,1.0,0.9655283482908221
64,127,additive_tanh_rnn,readout_only,ok,False,0.87109375,0.5152149985236971
64,127,bounded_additive_tanh_rnn,full,ok,True,1.0,0.9970005401639233
64,127,bounded_additive_tanh_rnn,readout_only,ok,False,0.826171875,0.4359601802994514
64,139,vanilla_tanh_rnn,full,ok,False,0.6796875,0.17441207957170646
64,139,vanilla_tanh_rnn,readout_only,ok,False,0.517578125,-0.01487291210711894
64,139,additive_tanh_rnn,full,ok,True,1.0,0.9945310404455925
64,139,additive_tanh_rnn,readout_only,ok,False,0.92578125,0.4754851881193386
64,139,bounded_additive_tanh_rnn,full,ok,False,0.896484375,0.6521542734835704
64,139,bounded_additive_tanh_rnn,readout_only,ok,False,0.78125,0.30229955563408106
64,151,vanilla_tanh_rnn,full,ok,True,1.0,0.9916872974504517
64,151,vanilla_tanh_rnn,readout_only,ok,False,0.4921875,-0.004180969125737288
64,151,additive_tanh_rnn,full,ok,True,1.0,0.9830418588460392
64,151,additive_tanh_rnn,readout_only,ok,False,0.896484375,0.6537210065661145
64,151,bounded_additive_tanh_rnn,full,ok,False,0.51171875,0.0
64,151,bounded_additive_tanh_rnn,readout_only,ok,False,0.703125,0.140510826374179
64,163,vanilla_tanh_rnn,full,ok,True,1.0,0.9931660137080237
64,163,vanilla_tanh_rnn,readout_only,ok,False,0.515625,-0.004710876748874604
64,163,additive_tanh_rnn,full,ok,True,1.0,0.9894484424708158
64,163,additive_tanh_rnn,readout_only,ok,False,0.865234375,0.3469651319329705
64,163,bounded_additive_tanh_rnn,full,ok,True,1.0,0.9972560174977896
64,163,bounded_additive_tanh_rnn,readout_only,ok,False,0.53515625,0.03522049461126864
64,179,vanilla_tanh_rnn,full,ok,False,0.486328125,-0.0010606050491333008
64,179,vanilla_tanh_rnn,readout_only,ok,False,0.505859375,-0.0015168190002441406
64,179,additive_tanh_rnn,full,ok,True,1.0,0.9622988924384117
64,179,additive_tanh_rnn,readout_only,ok,False,0.873046875,0.549970418214798
64,179,bounded_additive_tanh_rnn,full,ok,True,1.0,0.9967669809702784
64,179,bounded_additive_tanh_rnn,readout_only,ok,False,0.849609375,0.49795013666152954
64,191,vanilla_tanh_rnn,full,ok,False,0.498046875,-0.0006082026981910627
64,191,vanilla_tanh_rnn,readout_only,ok,False,0.513671875,-0.002197947333677286
64,191,additive_tanh_rnn,full,ok,True,1.0,0.9629900581384871
64,191,additive_tanh_rnn,readout_only,ok,False,0.80078125,0.4069679874347457
64,191,bounded_additive_tanh_rnn,full,ok,False,0.482421875,0.0
64,191,bounded_additive_tanh_rnn,readout_only,ok,False,0.658203125,0.10084220068365302
64,211,vanilla_tanh_rnn,full,ok,False,0.501953125,-0.011497749465974927
64,211,vanilla_tanh_rnn,readout_only,ok,False,0.505859375,-0.008465965440952017
64,211,additive_tanh_rnn,full,ok,True,1.0,0.9748409733380855
64,211,additive_tanh_rnn,readout_only,ok,False,0.884765625,0.6163342817840249
64,211,bounded_additive_tanh_rnn,full,ok,False,0.5,0.0
64,211,bounded_additive_tanh_rnn,readout_only,ok,False,0.58984375,0.1058517460711016
64,223,vanilla_tanh_rnn,full,ok,False,0.685546875,0.23519207634189832
64,223,vanilla_tanh_rnn,readout_only,ok,False,0.52734375,-0.02096728027462813
64,223,additive_tanh_rnn,full,ok,True,1.0,0.941460111553394
64,223,additive_tanh_rnn,readout_only,ok,False,0.83203125,0.40117978084613504
64,223,bounded_additive_tanh_rnn,full,ok,True,1.0,0.9956848137089753
64,223,bounded_additive_tanh_rnn,readout_only,ok,False,0.609375,0.13598019633168734
128,101,vanilla_tanh_rnn,full,ok,False,0.466796875,0.0039511747311418155
128,101,vanilla_tanh_rnn,readout_only,ok,False,0.484375,0.0005282672358639662
128,101,additive_tanh_rnn,full,ok,True,1.0,0.9827701922832045
128,101,additive_tanh_rnn,readout_only,ok,False,0.80078125,0.506945690700783
128,101,bounded_additive_tanh_rnn,full,ok,False,0.5234375,0.002086828140232755
128,101,bounded_additive_tanh_rnn,readout_only,ok,False,0.763671875,0.3136293660888374
128,113,vanilla_tanh_rnn,full,ok,False,0.3671875,0.1847590044387476
128,113,vanilla_tanh_rnn,readout_only,ok,False,0.509765625,-0.024657133375425966
128,113,additive_tanh_rnn,full,ok,True,1.0,0.9413576209672818
128,113,additive_tanh_rnn,readout_only,ok,False,0.845703125,0.48180094480282376
128,113,bounded_additive_tanh_rnn,full,ok,False,0.50390625,0.0
128,113,bounded_additive_tanh_rnn,readout_only,ok,False,0.564453125,0.024478960640822778
128,127,vanilla_tanh_rnn,full,ok,False,0.521484375,0.0005304747137404586
128,127,vanilla_tanh_rnn,readout_only,ok,False,0.4921875,-0.010564527671755641
128,127,additive_tanh_rnn,full,ok,True,1.0,0.9546123941436069
128,127,additive_tanh_rnn,readout_only,ok,False,0.83984375,0.5011114623091604
128,127,bounded_additive_tanh_rnn,full,ok,True,1.0,0.9941367238750894
128,127,bounded_additive_tanh_rnn,readout_only,ok,False,0.697265625,0.19828458969465645
128,139,vanilla_tanh_rnn,full,ok,False,0.490234375,0.0007716805949435912
128,139,vanilla_tanh_rnn,readout_only,ok,False,0.478515625,0.004961005852893274
128,139,additive_tanh_rnn,full,ok,True,1.0,0.9898981577613649
128,139,additive_tanh_rnn,readout_only,ok,False,0.884765625,0.4176894459361612
128,139,bounded_additive_tanh_rnn,full,ok,True,1.0,0.9953837729907313
128,139,bounded_additive_tanh_rnn,readout_only,ok,False,0.583984375,0.0858438093963072
128,151,vanilla_tanh_rnn,full,ok,False,0.505859375,9.152664778966368e-05
128,151,vanilla_tanh_rnn,readout_only,ok,False,0.515625,0.00013505397866042657
128,151,additive_tanh_rnn,full,ok,True,1.0,0.9865583819716474
128,151,additive_tanh_rnn,readout_only,ok,False,0.83984375,0.5889450298704817
128,151,bounded_additive_tanh_rnn,full,ok,False,0.509765625,0.0
128,151,bounded_additive_tanh_rnn,readout_only,ok,False,0.5703125,0.033776195105476914
128,163,vanilla_tanh_rnn,full,ok,True,1.0,0.9852488116237883
128,163,vanilla_tanh_rnn,readout_only,ok,False,0.490234375,-0.0019521418983847738
128,163,additive_tanh_rnn,full,ok,True,1.0,0.9628284177557447
128,163,additive_tanh_rnn,readout_only,ok,False,0.859375,0.291821381042083
128,163,bounded_additive_tanh_rnn,full,ok,False,0.5,0.0
128,163,bounded_additive_tanh_rnn,readout_only,ok,False,0.525390625,0.0007833234506795517
128,179,vanilla_tanh_rnn,full,ok,False,0.484375,-0.01271542579624163
128,179,vanilla_tanh_rnn,readout_only,ok,False,0.458984375,-0.0028118597192703376
128,179,additive_tanh_rnn,full,ok,True,1.0,0.9689666061645178
128,179,additive_tanh_rnn,readout_only,ok,False,0.85546875,0.48891949998853224
128,179,bounded_additive_tanh_rnn,full,ok,True,1.0,0.9962566378823796
128,179,bounded_additive_tanh_rnn,readout_only,ok,False,0.77734375,0.36054697653705603
128,191,vanilla_tanh_rnn,full,ok,False,0.478515625,0.00034024248280484226
128,191,vanilla_tanh_rnn,readout_only,ok,False,0.501953125,-0.0025395736959035187
128,191,additive_tanh_rnn,full,ok,True,1.0,0.961864035145075
128,191,additive_tanh_rnn,readout_only,ok,False,0.767578125,0.3250985419266237
128,191,bounded_additive_tanh_rnn,full,ok,False,0.4921875,0.0
128,191,bounded_additive_tanh_rnn,readout_only,ok,False,0.59375,0.04664377301570399
128,211,vanilla_tanh_rnn,full,ok,False,0.48828125,-0.011548234596794993
128,211,vanilla_tanh_rnn,readout_only,ok,False,0.484375,-0.010803875005717556
128,211,additive_tanh_rnn,full,ok,True,1.0,0.9682966943596863
128,211,additive_tanh_rnn,readout_only,ok,False,0.90234375,0.5496000600824096
128,211,bounded_additive_tanh_rnn,full,ok,True,1.0,0.9985533214141423
128,211,bounded_additive_tanh_rnn,readout_only,ok,False,0.580078125,0.09647771042660891
128,223,vanilla_tanh_rnn,full,ok,False,0.490234375,-0.0016883392447557544
128,223,vanilla_tanh_rnn,readout_only,ok,False,0.51171875,-0.007257473455561714
128,223,additive_tanh_rnn,full,ok,True,1.0,0.9559676345473584
128,223,additive_tanh_rnn,readout_only,ok,False,0.63671875,0.4140274325756079
128,223,bounded_additive_tanh_rnn,full,ok,True,1.0,0.9978721794457662
128,223,bounded_additive_tanh_rnn,readout_only,ok,False,0.62109375,0.0675139296591375
