delay,seed,regime,source,attempt_id,status,success,test_accuracy,retention_probe_r2
128,101,full,original_session,original_session,ok,True,1.0,0.9827701922832045
128,101,readout_only,original_session,original_session,ok,False,0.80078125,0.506945690700783
128,101,bias_plus_readout,delay128_completion,authorized_restart_1,ok,False,0.89453125,0.795557857460433
128,101,matrices_plus_readout,delay128_completion,continuation_1,ok,True,1.0,0.981719927935376
128,113,full,delay128_completion,continuation_1,ok,True,1.0,0.9413576209672818
128,113,readout_only,delay128_completion,continuation_1,ok,False,0.845703125,0.48180094480282376
128,113,bias_plus_readout,delay128_completion,continuation_1,ok,False,0.80859375,0.5770390258907924
128,113,matrices_plus_readout,delay128_completion,continuation_1,ok,True,1.0,0.9975995562441045
128,127,full,delay128_completion,continuation_1,ok,True,1.0,0.9546123941436069
128,127,readout_only,delay128_completion,continuation_1,ok,False,0.83984375,0.5011114623091604
128,127,bias_plus_readout,delay128_completion,continuation_1,ok,True,0.970703125,0.5089411677003817
128,127,matrices_plus_readout,delay128_completion,continuation_1,ok,True,1.0,0.9862139305522424
128,139,full,delay128_completion,continuation_1,ok,True,1.0,0.9898981577613649
128,139,readout_only,delay128_completion,continuation_1,ok,False,0.884765625,0.4176894459361612
128,139,bias_plus_readout,delay128_completion,continuation_1,ok,False,0.849609375,0.5382701072999004
128,139,matrices_plus_readout,delay128_completion,continuation_1,ok,True,1.0,0.9977808987836102
128,151,full,delay128_completion,continuation_1,ok,True,1.0,0.9865583819716474
128,151,readout_only,delay128_completion,continuation_1,ok,False,0.83984375,0.5889450298704817
128,151,bias_plus_readout,delay128_completion,continuation_1,ok,False,0.9296875,0.7105564569754397
128,151,matrices_plus_readout,delay128_completion,continuation_1,ok,True,1.0,0.9989409719810248
128,163,full,delay128_completion,continuation_1,ok,True,1.0,0.9628284177557447
128,163,readout_only,delay128_completion,continuation_1,ok,False,0.859375,0.291821381042083
128,163,bias_plus_readout,delay128_completion,continuation_1,ok,False,0.833984375,0.7047650816129254
128,163,matrices_plus_readout,delay128_completion,continuation_1,ok,True,1.0,0.9602001439975748
128,179,full,delay128_completion,continuation_1,ok,True,1.0,0.9689666061645178
128,179,readout_only,delay128_completion,continuation_1,ok,False,0.85546875,0.48891949998853224
128,179,bias_plus_readout,delay128_completion,continuation_1,ok,False,0.947265625,0.6794761834681426
128,179,matrices_plus_readout,delay128_completion,continuation_1,ok,True,1.0,0.9666960024144318
128,191,full,delay128_completion,continuation_1,ok,True,1.0,0.961864035145075
128,191,readout_only,delay128_completion,continuation_1,ok,False,0.767578125,0.3250985419266237
128,191,bias_plus_readout,delay128_completion,continuation_1,ok,False,0.8984375,0.5201730089038439
128,191,matrices_plus_readout,delay128_completion,continuation_1,ok,True,1.0,0.9855862760929844
128,211,full,delay128_completion,continuation_1,ok,True,1.0,0.9682966943596863
128,211,readout_only,delay128_completion,continuation_1,ok,False,0.90234375,0.5496000600824096
128,211,bias_plus_readout,delay128_completion,continuation_1,ok,True,0.9921875,0.8224424833617943
128,211,matrices_plus_readout,delay128_completion,continuation_1,ok,True,1.0,0.9962099468407957
128,223,full,delay128_completion,continuation_1,ok,True,1.0,0.9559676345473584
128,223,readout_only,delay128_completion,continuation_1,ok,False,0.63671875,0.4140274325756079
128,223,bias_plus_readout,delay128_completion,continuation_1,ok,False,0.94921875,0.7280582947571886
128,223,matrices_plus_readout,delay128_completion,continuation_1,ok,True,1.0,0.9827759017134264
