phase,delay,seed,model_type,status,success,test_accuracy,test_loss,val_loss,retention_probe_r2,event_gradient_norm,event_loss_gradient_norm_mean,max_abs_hidden,final_hidden_rms,updates_completed,runtime_seconds,stop_reason
primary,64,17,vanilla_tanh_rnn,ok,False,0.49609375,0.7007224857807159,0.6935792863368988,-0.0005201851275669078,9.268364919989835e-06,4.592723144014599e-06,0.9363201856613159,0.28564468026161194,400,5.798,
primary,64,17,additive_tanh_rnn,ok,True,1.0,2.823071776347774e-09,0.00022986961485571555,0.9769092629117846,13.602167129516602,7.057872863924786e-08,64.78193664550781,58.342838287353516,400,7.648,
primary,64,17,bounded_additive_tanh_rnn,ok,True,1.0,0.00018544231716077775,0.0001986890347325243,0.9962093936821104,1.6861845254898071,0.0007918377523310483,4.0,3.8219687938690186,400,9.02,
primary,64,29,vanilla_tanh_rnn,ok,False,0.45703125,0.7004783749580383,0.6925013661384583,-0.03655625734430079,1.222740519946086e-10,6.139953129258302e-11,0.8071847558021545,0.2291373312473297,400,5.406,
primary,64,29,additive_tanh_rnn,ok,True,1.0,8.698625890701805e-07,1.0511351973718774e-05,0.9780284037406575,8.544607162475586,7.374652795988368e-06,64.22295379638672,49.50901794433594,400,8.769,
primary,64,29,bounded_additive_tanh_rnn,ok,False,0.509765625,0.6929598450660706,0.6926955878734589,0.0,0.0,0.0,4.0,4.0,400,9.28,
primary,64,43,vanilla_tanh_rnn,ok,True,1.0,0.00466645322740078,0.005267070839181542,0.9947033220866598,0.6177161931991577,0.0038933034520596266,0.9997738003730774,0.8722753524780273,400,5.659,
primary,64,43,additive_tanh_rnn,ok,True,1.0,4.361216497272835e-06,4.0182086422646535e-06,0.9755723817870326,22.20878028869629,3.587937317206524e-05,64.84222412109375,55.58655548095703,400,8.417,
primary,64,43,bounded_additive_tanh_rnn,ok,False,0.51953125,0.6925744116306305,0.6900559365749359,0.0,0.0,0.0,4.0,4.0,400,8.878,
secondary,128,17,vanilla_tanh_rnn,ok,False,0.509765625,0.6981101930141449,0.7020958960056305,0.00373424867537564,0.10866159945726395,0.054884038865566254,0.9725068807601929,0.42710989713668823,400,7.732,
secondary,128,17,additive_tanh_rnn,ok,True,1.0,1.5029370814545473e-07,1.6317657980380318e-07,0.9345288510811104,10.508291244506836,1.259161535926978e-06,128.67213439941406,108.10466003417969,400,10.438,
secondary,128,17,bounded_additive_tanh_rnn,ok,True,1.0,6.727821164531633e-05,6.900092557771131e-05,0.9971818624978619,1.2204771041870117,0.0001135935090132989,4.0,3.7316067218780518,400,11.206,
secondary,128,29,vanilla_tanh_rnn,ok,False,0.50390625,0.6968807876110077,0.6923969984054565,-0.004522098078096448,2.562051903964857e-09,1.2858771825108306e-09,0.9211103916168213,0.22501304745674133,400,4.902,
secondary,128,29,additive_tanh_rnn,ok,True,1.0,3.208029752954644e-07,2.6348605786097323e-07,0.9650469795678577,28.250045776367188,8.634271580376662e-06,126.94970703125,91.67131805419922,400,10.654,
secondary,128,29,bounded_additive_tanh_rnn,ok,False,0.509765625,0.6933895349502563,0.6947287023067474,0.0,0.0,0.0,4.0,4.0,400,11.809,
secondary,128,43,vanilla_tanh_rnn,ok,False,0.458984375,0.7043085098266602,0.7014594674110413,0.0017027335177395297,0.00020943481649737805,0.00010742253653006628,0.9844245910644531,0.4123971164226532,400,5.654,
secondary,128,43,additive_tanh_rnn,ok,True,1.0,8.13315037939688e-06,3.031393858154985e-08,0.9472622353982356,69.61800384521484,0.0005162246525287628,128.8810577392578,119.10694122314453,400,10.439,
secondary,128,43,bounded_additive_tanh_rnn,ok,False,0.62890625,0.6071418821811676,0.5985277891159058,0.14652604738173614,0.0,0.0,4.0,4.0,400,11.891,
