competitor_agree_accuracy_mean,competitor_agree_accuracy_std,competitor_disagree_accuracy_mean,competitor_disagree_accuracy_std,competitor_first_bit_agreement_rate_mean,competitor_first_bit_agreement_rate_std,competitor_none_accuracy_mean,competitor_none_accuracy_std,delay,event_gradient_norm_mean,event_gradient_norm_std,event_loss_gradient_mean_per_run_mean,event_loss_gradient_mean_per_run_std,event_loss_gradient_median_per_run_mean,event_loss_gradient_median_per_run_std,event_loss_gradient_p95_per_run_mean,event_loss_gradient_p95_per_run_std,grad_clip_fraction_mean,grad_clip_fraction_std,jacobian_spectral_norm_mean,jacobian_spectral_norm_std,mode,num_failed,num_ok,num_seeds,retention_probe_r2_mean,retention_probe_r2_std,runtime_seconds_mean,runtime_seconds_std,test_accuracy_mean,test_accuracy_std,train_loss_mean,train_loss_std,val_loss_mean,val_loss_std
,,,,,,1.0,0.0,16,0.685324,0.514197,0.001316,0.001398,0.000265,0.000238,0.002627,0.002038,0.0,0.0,2.04118,0.04417,EASY,0,3,3,0.997225,0.001432,1.906667,0.429108,1.0,0.0,0.000845,0.000225,0.000837,0.000228
0.917973,0.094722,0.828852,0.174052,0.757812,0.020577,,,16,1e-05,1.2e-05,8e-06,9e-06,0.0,0.0,0.0,0.0,0.016667,0.011273,1.276314,0.331322,HARD,0,3,3,0.669531,0.135034,1.653333,0.035119,0.899733,0.047562,0.289329,0.073568,0.283864,0.062737
1.0,0.0,1.0,0.0,0.509766,0.013532,,,16,0.551864,0.156605,0.00066,0.000283,0.00025,0.000104,0.002648,0.001795,0.0,0.0,1.965856,0.106836,HARD_V2,0,3,3,0.996973,0.001263,1.38,0.130767,1.0,0.0,0.000891,2.7e-05,0.000878,4.5e-05
,,,,,,1.0,0.0,32,0.766178,0.218126,0.002309,0.001277,0.000527,0.000436,0.009478,0.004273,0.003333,0.003819,1.755719,0.082266,EASY,0,3,3,0.995112,0.001137,2.59,0.165227,1.0,0.0,0.001589,0.000494,0.001686,0.000627
0.684954,0.269477,0.697049,0.489087,0.744792,0.023868,,,32,0.0,1e-06,0.0,0.0,0.0,0.0,0.0,0.0,0.005,0.0025,1.389161,0.282696,HARD,0,3,3,0.356215,0.299868,2.26,0.183303,0.685533,0.195269,0.478822,0.206384,0.468689,0.217115
1.0,0.0,1.0,0.0,0.517578,0.02769,,,32,0.767752,0.292905,0.002017,0.000843,0.000355,0.000343,0.005249,0.00316,0.000833,0.001443,1.682861,0.039209,HARD_V2,0,3,3,0.995615,0.00071,2.24,0.255343,1.0,0.0,0.001256,4.9e-05,0.001292,9e-06
,,,,,,0.661458,0.294458,64,0.340002,0.588895,0.001279,0.002213,0.000545,0.000941,0.003538,0.006119,0.0075,0.01299,1.395736,0.271609,EASY,0,3,3,0.32708,0.577873,4.0,0.703776,0.661433,0.29448,0.459807,0.396102,0.464014,0.399715
0.781208,0.090573,0.628422,0.287753,0.748698,0.011773,,,64,2.2e-05,2.9e-05,1e-05,1.4e-05,0.0,0.0,0.0,0.0,0.011667,0.005774,1.517993,0.247974,HARD,0,3,3,0.318694,0.18159,4.1,0.31,0.745433,0.076508,0.555537,0.045986,0.548969,0.063765
0.65361,0.304519,0.650771,0.302741,0.496745,0.02846,,,64,0.20245,0.350645,0.001284,0.002219,0.000432,0.000746,0.006029,0.010426,0.019167,0.033198,1.315047,0.256536,HARD_V2,0,3,3,0.319172,0.585211,4.456667,0.309892,0.651033,0.302846,0.461703,0.395254,0.463798,0.397063
,,,,,,0.501953,0.02769,128,5e-06,9e-06,2e-06,4e-06,1e-06,1e-06,1e-05,1.8e-05,0.0,0.0,1.331448,0.083868,EASY,0,3,3,-0.01008,0.014253,7.71,0.701712,0.501933,0.027674,0.685657,0.002543,0.703585,0.017177
0.773206,0.208544,0.741365,0.282761,0.748698,0.015171,,,128,0.0,0.0,0.0,0.0,0.0,0.0,0.0,0.0,0.008333,0.007638,1.240961,0.201439,HARD,0,3,3,0.436363,0.366974,8.316667,0.240278,0.765633,0.223367,0.458947,0.196307,0.451335,0.20054
0.640251,0.272368,0.670916,0.263999,0.520182,0.015787,,,128,7.4e-05,0.000128,3.7e-05,6.4e-05,1.8e-05,3.1e-05,0.000129,0.000224,0.031667,0.054848,1.242726,0.167007,HARD_V2,0,3,3,0.284309,0.503097,8.41,0.11,0.654933,0.268381,0.525163,0.290443,0.527866,0.300697
,,,,,,0.485026,0.031148,256,0.160278,0.260854,0.082895,0.135314,0.00474,0.004523,0.180415,0.284589,0.090833,0.144359,1.352691,0.121854,EASY,0,3,3,0.012905,0.034569,13.586667,1.145833,0.485033,0.031172,0.690115,0.012753,0.694563,0.008841
0.833354,0.14144,0.393854,0.248593,0.75,0.013672,,,256,0.0,0.0,0.0,0.0,0.0,0.0,0.0,0.0,0.005,0.0,1.519887,0.34686,HARD,0,3,3,0.354116,0.286834,14.706667,1.551848,0.722667,0.169634,0.49286,0.217312,0.516123,0.23912
0.458194,0.032584,0.524875,0.035909,0.499349,0.01846,,,256,2.7e-05,4.7e-05,1.4e-05,2.4e-05,1e-06,2e-06,6e-05,0.000103,0.0,0.0,1.326031,0.055595,HARD_V2,0,3,3,-0.005504,0.001874,13.71,2.666852,0.4909,0.01856,0.689121,0.001533,0.697638,0.002004
