delay,seed,regime,saved_training_success,saved_training_test_accuracy,audit_accuracy,both_correct_fraction,exactly_one_correct_fraction,both_wrong_fraction,prediction_flip_fraction,identical_logits_fraction,final_states_coordinate_equal_fraction,pairs_zero_local_grad_but_logit_changes,pairs_zero_local_grad_but_state_changes
64,101,full,True,1.0,1.0,1.0,0.0,0.0,1.0,0.0,0.0,0,0
64,101,readout_only,False,0.87109375,0.8681640625,0.736328125,0.263671875,0.0,0.736328125,0.0,0.0,0,0
64,101,bias_plus_readout,True,0.978515625,0.9677734375,0.935546875,0.064453125,0.0,0.935546875,0.0,0.0,0,0
64,101,matrices_plus_readout,True,1.0,1.0,1.0,0.0,0.0,1.0,0.0,0.0,0,0
64,113,full,True,1.0,1.0,1.0,0.0,0.0,1.0,0.0,0.0,0,0
64,113,readout_only,False,0.853515625,0.8564453125,0.720703125,0.271484375,0.0078125,0.728515625,0.0,0.0,0,0
64,113,bias_plus_readout,True,0.962890625,0.9541015625,0.908203125,0.091796875,0.0,0.908203125,0.0,0.0,0,0
64,113,matrices_plus_readout,True,1.0,1.0,1.0,0.0,0.0,1.0,0.0,0.0,0,0
64,127,full,True,1.0,1.0,1.0,0.0,0.0,1.0,0.0,0.0,0,0
64,127,readout_only,False,0.87109375,0.900390625,0.80078125,0.19921875,0.0,0.80078125,0.0,0.0,0,0
64,127,bias_plus_readout,True,0.990234375,0.9921875,0.984375,0.015625,0.0,0.984375,0.0,0.0,0,0
64,127,matrices_plus_readout,True,1.0,1.0,1.0,0.0,0.0,1.0,0.0,0.0,0,0
64,139,full,True,1.0,1.0,1.0,0.0,0.0,1.0,0.0,0.0,0,0
64,139,readout_only,False,0.92578125,0.90234375,0.8046875,0.1953125,0.0,0.8046875,0.0,0.0,0,0
64,139,bias_plus_readout,True,0.970703125,0.96484375,0.9296875,0.0703125,0.0,0.9296875,0.0,0.0,0,0
64,139,matrices_plus_readout,True,1.0,1.0,1.0,0.0,0.0,1.0,0.0,0.0,0,0
64,151,full,True,1.0,1.0,1.0,0.0,0.0,1.0,0.0,0.0,0,0
64,151,readout_only,False,0.896484375,0.8935546875,0.7890625,0.208984375,0.001953125,0.791015625,0.0,0.0,0,0
64,151,bias_plus_readout,False,0.9453125,0.947265625,0.89453125,0.10546875,0.0,0.89453125,0.0,0.0,0,0
64,151,matrices_plus_readout,True,1.0,1.0,1.0,0.0,0.0,1.0,0.0,0.0,0,0
64,163,full,True,1.0,1.0,1.0,0.0,0.0,1.0,0.0,0.0,0,0
64,163,readout_only,False,0.865234375,0.8662109375,0.732421875,0.267578125,0.0,0.732421875,0.0,0.0,0,0
64,163,bias_plus_readout,True,0.9765625,0.9794921875,0.958984375,0.041015625,0.0,0.958984375,0.0,0.0,0,0
64,163,matrices_plus_readout,True,1.0,1.0,1.0,0.0,0.0,1.0,0.0,0.0,0,0
64,179,full,True,1.0,1.0,1.0,0.0,0.0,1.0,0.0,0.0,0,0
64,179,readout_only,False,0.873046875,0.912109375,0.826171875,0.171875,0.001953125,0.828125,0.0,0.0,0,0
64,179,bias_plus_readout,True,0.96875,0.9541015625,0.908203125,0.091796875,0.0,0.908203125,0.0,0.0,0,0
64,179,matrices_plus_readout,True,1.0,1.0,1.0,0.0,0.0,1.0,0.0,0.0,0,0
64,191,full,True,1.0,0.9990234375,0.998046875,0.001953125,0.0,0.998046875,0.0,0.0,0,0
64,191,readout_only,False,0.80078125,0.822265625,0.64453125,0.35546875,0.0,0.64453125,0.0,0.0,0,0
64,191,bias_plus_readout,False,0.845703125,0.8427734375,0.685546875,0.314453125,0.0,0.685546875,0.0,0.0,0,0
64,191,matrices_plus_readout,True,0.998046875,0.9990234375,0.998046875,0.001953125,0.0,0.998046875,0.0,0.0,0,0
64,211,full,True,1.0,1.0,1.0,0.0,0.0,1.0,0.0,0.0,0,0
64,211,readout_only,False,0.884765625,0.89453125,0.7890625,0.2109375,0.0,0.7890625,0.0,0.0,0,0
64,211,bias_plus_readout,True,0.994140625,0.9892578125,0.978515625,0.021484375,0.0,0.978515625,0.0,0.0,0,0
64,211,matrices_plus_readout,True,1.0,1.0,1.0,0.0,0.0,1.0,0.0,0.0,0,0
64,223,full,True,1.0,1.0,1.0,0.0,0.0,1.0,0.0,0.0,0,0
64,223,readout_only,False,0.83203125,0.8251953125,0.650390625,0.349609375,0.0,0.650390625,0.0,0.0,0,0
64,223,bias_plus_readout,True,0.9765625,0.98046875,0.9609375,0.0390625,0.0,0.9609375,0.0,0.0,0,0
64,223,matrices_plus_readout,True,1.0,1.0,1.0,0.0,0.0,1.0,0.0,0.0,0,0
